{
    "name": "root",
    "metadata": {
        "timer_format_version": "0.1.0",
        "start_time_seconds": "1663334258",
        "python_version": "3.7.14 (default, Sep  6 2022, 23:37:35) \n[Clang 13.1.6 (clang-1316.0.21.2.5)]",
        "command_line_arguments": "/Users/iakalann/Documents/ReinforcementLearning/self-driving/venv37/bin/mlagents-learn config/ppo/DriveScene.yaml --run-id=Test34",
        "mlagents_version": "0.29.0",
        "mlagents_envs_version": "0.29.0",
        "communication_protocol_version": "1.5.0",
        "pytorch_version": "1.8.1",
        "numpy_version": "1.21.2",
        "end_time_seconds": "1663334346"
    },
    "total": 87.62073307899999,
    "count": 1,
    "self": 0.006224257999974725,
    "children": {
        "run_training.setup": {
            "total": 0.018429615999999927,
            "count": 1,
            "self": 0.018429615999999927
        },
        "TrainerController.start_learning": {
            "total": 87.59607920500001,
            "count": 1,
            "self": 0.04535232000004896,
            "children": {
                "TrainerController._reset_env": {
                    "total": 12.004535672,
                    "count": 1,
                    "self": 12.004535672
                },
                "TrainerController.advance": {
                    "total": 75.45298428299995,
                    "count": 2234,
                    "self": 0.046243894999960844,
                    "children": {
                        "env_step": {
                            "total": 75.1212307719999,
                            "count": 2234,
                            "self": 73.84998005200006,
                            "children": {
                                "SubprocessEnvManager._take_step": {
                                    "total": 1.2455937379999185,
                                    "count": 2234,
                                    "self": 0.10936834199987189,
                                    "children": {
                                        "TorchPolicy.evaluate": {
                                            "total": 1.1362253960000466,
                                            "count": 2154,
                                            "self": 0.24074537000009322,
                                            "children": {
                                                "TorchPolicy.sample_actions": {
                                                    "total": 0.8954800259999534,
                                                    "count": 2154,
                                                    "self": 0.8954800259999534
                                                }
                                            }
                                        }
                                    }
                                },
                                "workers": {
                                    "total": 0.025656981999926387,
                                    "count": 2233,
                                    "self": 0.0,
                                    "children": {
                                        "worker_root": {
                                            "total": 27.32783473999998,
                                            "count": 2233,
                                            "is_parallel": true,
                                            "self": 15.375680534999958,
                                            "children": {
                                                "run_training.setup": {
                                                    "total": 0.0,
                                                    "count": 0,
                                                    "is_parallel": true,
                                                    "self": 0.0,
                                                    "children": {
                                                        "steps_from_proto": {
                                                            "total": 0.0008863709999999969,
                                                            "count": 1,
                                                            "is_parallel": true,
                                                            "self": 0.00031425500000104023,
                                                            "children": {
                                                                "_process_rank_one_or_two_observation": {
                                                                    "total": 0.0005721159999989567,
                                                                    "count": 2,
                                                                    "is_parallel": true,
                                                                    "self": 0.0005721159999989567
                                                                }
                                                            }
                                                        },
                                                        "UnityEnvironment.step": {
                                                            "total": 0.0479640469999989,
                                                            "count": 1,
                                                            "is_parallel": true,
                                                            "self": 0.00010153100000032111,
                                                            "children": {
                                                                "UnityEnvironment._generate_step_input": {
                                                                    "total": 0.00011276399999893272,
                                                                    "count": 1,
                                                                    "is_parallel": true,
                                                                    "self": 0.00011276399999893272
                                                                },
                                                                "communicator.exchange": {
                                                                    "total": 0.04751786399999958,
                                                                    "count": 1,
                                                                    "is_parallel": true,
                                                                    "self": 0.04751786399999958
                                                                },
                                                                "steps_from_proto": {
                                                                    "total": 0.00023188800000006893,
                                                                    "count": 1,
                                                                    "is_parallel": true,
                                                                    "self": 0.00013018400000142094,
                                                                    "children": {
                                                                        "_process_rank_one_or_two_observation": {
                                                                            "total": 0.00010170399999864799,
                                                                            "count": 2,
                                                                            "is_parallel": true,