{
    "name": "root",
    "metadata": {
        "timer_format_version": "0.1.0",
        "start_time_seconds": "1663232474",
        "python_version": "3.7.14 (default, Sep  6 2022, 23:37:35) \n[Clang 13.1.6 (clang-1316.0.21.2.5)]",
        "command_line_arguments": "/Users/iakalann/Documents/ReinforcementLearning/Autonomous Driving RL/venv37/bin/mlagents-learn --run-id=Test11",
        "mlagents_version": "0.29.0",
        "mlagents_envs_version": "0.29.0",
        "communication_protocol_version": "1.5.0",
        "pytorch_version": "1.8.1",
        "numpy_version": "1.21.2",
        "end_time_seconds": "1663232555"
    },
    "total": 81.184015015,
    "count": 1,
    "self": 0.006771350999997594,
    "children": {
        "run_training.setup": {
            "total": 0.023774697000000122,
            "count": 1,
            "self": 0.023774697000000122
        },
        "TrainerController.start_learning": {
            "total": 81.15346896700001,
            "count": 1,
            "self": 0.014196023000053515,
            "children": {
                "TrainerController._reset_env": {
                    "total": 15.155304542,
                    "count": 1,
                    "self": 15.155304542
                },
                "TrainerController.advance": {
                    "total": 65.87046102899996,
                    "count": 681,
                    "self": 0.01464231799997151,
                    "children": {
                        "env_step": {
                            "total": 65.79567429999997,
                            "count": 681,
                            "self": 65.37648326200002,
                            "children": {
                                "SubprocessEnvManager._take_step": {
                                    "total": 0.4114529119999837,
                                    "count": 681,
                                    "self": 0.03498753600005955,
                                    "children": {
                                        "TorchPolicy.evaluate": {
                                            "total": 0.37646537599992413,
                                            "count": 681,
                                            "self": 0.08049519399992278,
                                            "children": {
                                                "TorchPolicy.sample_actions": {
                                                    "total": 0.29597018200000136,
                                                    "count": 681,
                                                    "self": 0.29597018200000136
                                                }
                                            }
                                        }
                                    }
                                },
                                "workers": {
                                    "total": 0.007738125999960488,
                                    "count": 680,
                                    "self": 0.0,
                                    "children": {
                                        "worker_root": {
                                            "total": 20.990397508999976,
                                            "count": 680,
                                            "is_parallel": true,
                                            "self": 16.221652130999942,
                                            "children": {
                                                "run_training.setup": {
                                                    "total": 0.0,
                                                    "count": 0,
                                                    "is_parallel": true,
                                                    "self": 0.0,
                                                    "children": {
                                                        "steps_from_proto": {
                                                            "total": 0.001328166000000408,
                                                            "count": 1,
                                                            "is_parallel": true,
                                                            "self": 0.00029742199999915897,
                                                            "children": {
                                                                "_process_rank_one_or_two_observation": {
                                                                    "total": 0.001030744000001249,
                                                                    "count": 2,
                                                                    "is_parallel": true,
                                                                    "self": 0.001030744000001249
                                                                }
                                                            }
                                                        },
                                                        "UnityEnvironment.step": {
                                                            "total": 0.019307053000002128,
                                                            "count": 1,
                                                            "is_parallel": true,
                                                            "self": 0.00014043700000243575,
                                                            "children": {
                                                                "UnityEnvironment._generate_step_input": {
                                                                    "total": 0.00024107799999839585,
                                                                    "count": 1,
                                                                    "is_parallel": true,
                                                                    "self": 0.00024107799999839585
                                                                },
                                                                "communicator.exchange": {
                                                                    "total": 0.018702168000000796,
                                                                    "count": 1,
                                                                    "is_parallel": true,
                                                                    "self": 0.018702168000000796
                                                                },
                                                                "steps_from_proto": {
                                                                    "total": 0.0002233700000005001,
                                                                    "count": 1,
                                                                    "is_parallel": true,
                                                                    "self": 0.00012182700000096247,
                                                                    "children": {
                                                                        "_process_rank_one_or_two_observation": {
                                                                            "total": 0.00010154299999953764,
                                                                            "count": 2,
                                                                            "is_parallel": true,