{
    "name": "root",
    "metadata": {
        "timer_format_version": "0.1.0",
        "start_time_seconds": "1663414454",
        "python_version": "3.7.14 (default, Sep  6 2022, 23:37:35) \n[Clang 13.1.6 (clang-1316.0.21.2.5)]",
        "command_line_arguments": "/Users/iakalann/Documents/ReinforcementLearning/self-driving/venv37/bin/mlagents-learn config/ppo/DriveScene.yaml --run-id=Test44",
        "mlagents_version": "0.29.0",
        "mlagents_envs_version": "0.29.0",
        "communication_protocol_version": "1.5.0",
        "pytorch_version": "1.8.1",
        "numpy_version": "1.21.2",
        "end_time_seconds": "1663414526"
    },
    "total": 71.94824077199999,
    "count": 1,
    "self": 0.005708416999993915,
    "children": {
        "run_training.setup": {
            "total": 0.021731792999999944,
            "count": 1,
            "self": 0.021731792999999944
        },
        "TrainerController.start_learning": {
            "total": 71.920800562,
            "count": 1,
            "self": 0.014846717999986936,
            "children": {
                "TrainerController._reset_env": {
                    "total": 5.7488405920000005,
                    "count": 1,
                    "self": 5.7488405920000005
                },
                "TrainerController.advance": {
                    "total": 66.05100645200001,
                    "count": 664,
                    "self": 0.014609394000061116,
                    "children": {
                        "env_step": {
                            "total": 65.92126683199999,
                            "count": 664,
                            "self": 65.32114382099995,
                            "children": {
                                "SubprocessEnvManager._take_step": {
                                    "total": 0.5896680880000238,
                                    "count": 664,
                                    "self": 0.034802375000007046,
                                    "children": {
                                        "TorchPolicy.evaluate": {
                                            "total": 0.5548657130000167,
                                            "count": 641,
                                            "self": 0.07625819000000877,
                                            "children": {
                                                "TorchPolicy.sample_actions": {
                                                    "total": 0.478607523000008,
                                                    "count": 641,
                                                    "self": 0.478607523000008
                                                }
                                            }
                                        }
                                    }
                                },
                                "workers": {
                                    "total": 0.010454923000009053,
                                    "count": 663,
                                    "self": 0.0,
                                    "children": {
                                        "worker_root": {
                                            "total": 11.76543548099999,
                                            "count": 663,
                                            "is_parallel": true,
                                            "self": 7.063247914999984,
                                            "children": {
                                                "run_training.setup": {
                                                    "total": 0.0,
                                                    "count": 0,
                                                    "is_parallel": true,
                                                    "self": 0.0,
                                                    "children": {
                                                        "steps_from_proto": {
                                                            "total": 0.01981491000000002,
                                                            "count": 1,
                                                            "is_parallel": true,
                                                            "self": 0.00039518699999963047,
                                                            "children": {
                                                                "_process_maybe_compressed_observation": {
                                                                    "total": 0.01941972300000039,
                                                                    "count": 2,
                                                                    "is_parallel": true,
                                                                    "self": 0.00010560700000095125,
                                                                    "children": {
                                                                        "_observation_to_np_array": {
                                                                            "total": 0.019314115999999437,
                                                                            "count": 1,
                                                                            "is_parallel": true,
                                                                            "self": 4.005199999923548e-05,
                                                                            "children": {
                                                                                "process_pixels": {
                                                                                    "total": 0.0192740640000002,
                                                                                    "count": 1,
                                                                                    "is_parallel": true,
                                                                                    "self": 0.0008193830000005065,
                                                                                    "children": {
                                                                                        "image_decompress": {
                                                                                            "total": 0.018454680999999695,
                                                                                            "count": 1,
                                                                                            "is_parallel": true,
                                                                                            "self": 0.018454680999999695
                                                                                        }
                                                                                    }
                                                                                }
                                                                            }
                                                                        }
                                                                    }
                                                                }
                                                            }
                                                        },
                                                        "UnityEnvironment.step": {
                                                            "total": 0.030940895000000523,
                                                            "count": 1,
                                                            "is_parallel": true,
                                                            "self": 0.00019364800000065685,