{
    "name": "root",
    "metadata": {
        "timer_format_version": "0.1.0",
        "start_time_seconds": "1663237623",
        "python_version": "3.7.14 (default, Sep  6 2022, 23:37:35) \n[Clang 13.1.6 (clang-1316.0.21.2.5)]",
        "command_line_arguments": "/Users/iakalann/Documents/ReinforcementLearning/Autonomous Driving RL/venv37/bin/mlagents-learn --run-id=Test18",
        "mlagents_version": "0.29.0",
        "mlagents_envs_version": "0.29.0",
        "communication_protocol_version": "1.5.0",
        "pytorch_version": "1.8.1",
        "numpy_version": "1.21.2",
        "end_time_seconds": "1663237695"
    },
    "total": 71.92179506999999,
    "count": 1,
    "self": 0.009054006999988928,
    "children": {
        "run_training.setup": {
            "total": 0.01885215200000001,
            "count": 1,
            "self": 0.01885215200000001
        },
        "TrainerController.start_learning": {
            "total": 71.893888911,
            "count": 1,
            "self": 0.020850237000004768,
            "children": {
                "TrainerController._reset_env": {
                    "total": 4.370169657,
                    "count": 1,
                    "self": 4.370169657
                },
                "TrainerController.advance": {
                    "total": 67.41127477999999,
                    "count": 1027,
                    "self": 0.021099381999960087,
                    "children": {
                        "env_step": {
                            "total": 67.297221065,
                            "count": 1027,
                            "self": 66.71118084300004,
                            "children": {
                                "SubprocessEnvManager._take_step": {
                                    "total": 0.574168932000001,
                                    "count": 1027,
                                    "self": 0.051799652000005914,
                                    "children": {
                                        "TorchPolicy.evaluate": {
                                            "total": 0.522369279999995,
                                            "count": 1027,
                                            "self": 0.11243208700000906,
                                            "children": {
                                                "TorchPolicy.sample_actions": {
                                                    "total": 0.409937192999986,
                                                    "count": 1027,
                                                    "self": 0.409937192999986
                                                }
                                            }
                                        }
                                    }
                                },
                                "workers": {
                                    "total": 0.011871289999964674,
                                    "count": 1026,
                                    "self": 0.0,
                                    "children": {
                                        "worker_root": {
                                            "total": 11.749001086999995,
                                            "count": 1026,
                                            "is_parallel": true,
                                            "self": 5.892081874999983,
                                            "children": {
                                                "run_training.setup": {
                                                    "total": 0.0,
                                                    "count": 0,
                                                    "is_parallel": true,
                                                    "self": 0.0,
                                                    "children": {
                                                        "steps_from_proto": {
                                                            "total": 0.0009097179999999483,
                                                            "count": 1,
                                                            "is_parallel": true,
                                                            "self": 0.0002669470000000729,
                                                            "children": {
                                                                "_process_rank_one_or_two_observation": {
                                                                    "total": 0.0006427709999998754,
                                                                    "count": 2,
                                                                    "is_parallel": true,
                                                                    "self": 0.0006427709999998754
                                                                }
                                                            }
                                                        },
                                                        "UnityEnvironment.step": {
                                                            "total": 0.019207454000000013,
                                                            "count": 1,
                                                            "is_parallel": true,
                                                            "self": 7.706400000095925e-05,
                                                            "children": {
                                                                "UnityEnvironment._generate_step_input": {
                                                                    "total": 0.00032549999999975654,
                                                                    "count": 1,
                                                                    "is_parallel": true,
                                                                    "self": 0.00032549999999975654
                                                                },
                                                                "communicator.exchange": {
                                                                    "total": 0.018596109999999832,
                                                                    "count": 1,
                                                                    "is_parallel": true,
                                                                    "self": 0.018596109999999832
                                                                },
                                                                "steps_from_proto": {
                                                                    "total": 0.0002087799999994644,
                                                                    "count": 1,
                                                                    "is_parallel": true,
                                                                    "self": 0.00011828699999938408,
                                                                    "children": {
                                                                        "_process_rank_one_or_two_observation": {
                                                                            "total": 9.049300000008031e-05,
                                                                            "count": 2,
                                                                            "is_parallel": true,