{
    "name": "root",
    "metadata": {
        "timer_format_version": "0.1.0",
        "start_time_seconds": "1663263620",
        "python_version": "3.7.14 (default, Sep  6 2022, 23:37:35) \n[Clang 13.1.6 (clang-1316.0.21.2.5)]",
        "command_line_arguments": "/Users/iakalann/Documents/ReinforcementLearning/self-driving/venv37/bin/mlagents-learn config/ppo/DriveScene.yaml --run-id=Test27",
        "mlagents_version": "0.29.0",
        "mlagents_envs_version": "0.29.0",
        "communication_protocol_version": "1.5.0",
        "pytorch_version": "1.8.1",
        "numpy_version": "1.21.2",
        "end_time_seconds": "1663263765"
    },
    "total": 145.526608689,
    "count": 1,
    "self": 0.007419963000018015,
    "children": {
        "run_training.setup": {
            "total": 0.03061690099999992,
            "count": 1,
            "self": 0.03061690099999992
        },
        "TrainerController.start_learning": {
            "total": 145.48857182499998,
            "count": 1,
            "self": 0.27826165299995864,
            "children": {
                "TrainerController._reset_env": {
                    "total": 6.777581664,
                    "count": 1,
                    "self": 6.777581664
                },
                "TrainerController.advance": {
                    "total": 138.28826724600003,
                    "count": 12481,
                    "self": 0.2748900420004077,
                    "children": {
                        "env_step": {
                            "total": 134.798324156,
                            "count": 12481,
                            "self": 127.20237599000086,
                            "children": {
                                "SubprocessEnvManager._take_step": {
                                    "total": 7.437434602999556,
                                    "count": 12481,
                                    "self": 0.6772063529989829,
                                    "children": {
                                        "TorchPolicy.evaluate": {
                                            "total": 6.760228250000573,
                                            "count": 12481,
                                            "self": 1.4625671900005148,
                                            "children": {
                                                "TorchPolicy.sample_actions": {
                                                    "total": 5.297661060000058,
                                                    "count": 12481,
                                                    "self": 5.297661060000058
                                                }
                                            }
                                        }
                                    }
                                },
                                "workers": {
                                    "total": 0.1585135629995893,
                                    "count": 12480,
                                    "self": 0.0,
                                    "children": {
                                        "worker_root": {
                                            "total": 84.95866888100025,
                                            "count": 12480,
                                            "is_parallel": true,
                                            "self": 27.95202832000018,
                                            "children": {
                                                "run_training.setup": {
                                                    "total": 0.0,
                                                    "count": 0,
                                                    "is_parallel": true,
                                                    "self": 0.0,
                                                    "children": {
                                                        "steps_from_proto": {
                                                            "total": 0.0014619929999994952,
                                                            "count": 1,
                                                            "is_parallel": true,
                                                            "self": 0.0003548660000003423,
                                                            "children": {
                                                                "_process_rank_one_or_two_observation": {
                                                                    "total": 0.0011071269999991529,
                                                                    "count": 2,
                                                                    "is_parallel": true,
                                                                    "self": 0.0011071269999991529
                                                                }
                                                            }
                                                        },
                                                        "UnityEnvironment.step": {
                                                            "total": 0.025414545000000288,
                                                            "count": 1,
                                                            "is_parallel": true,
                                                            "self": 0.00012166499999821667,
                                                            "children": {
                                                                "UnityEnvironment._generate_step_input": {
                                                                    "total": 0.0004826720000004059,
                                                                    "count": 1,
                                                                    "is_parallel": true,
                                                                    "self": 0.0004826720000004059
                                                                },
                                                                "communicator.exchange": {
                                                                    "total": 0.0244914430000005,
                                                                    "count": 1,
                                                                    "is_parallel": true,
                                                                    "self": 0.0244914430000005
                                                                },
                                                                "steps_from_proto": {
                                                                    "total": 0.00031876500000116437,
                                                                    "count": 1,
                                                                    "is_parallel": true,
                                                                    "self": 0.00017829699999971638,
                                                                    "children": {
                                                                        "_process_rank_one_or_two_observation": {
                                                                            "total": 0.000140468000001448,
                                                                            "count": 2,
                                                                            "is_parallel": true,