{"count":1,"self":1580.9522688,"total":4674.2877929999995,"children":{"InitializeActuators":{"count":1,"self":0.0016699999999999998,"total":0.0016699999999999998,"children":null},"InitializeSensors":{"count":1,"self":0.0036279999999999997,"total":0.0036279999999999997,"children":null},"AgentSendState":{"count":1961851,"self":6.4831112,"total":932.776625,"children":{"CollectObservations":{"count":392371,"self":0.478051,"total":0.478051,"children":null},"WriteActionMask":{"count":392371,"self":0.422108,"total":0.422108,"children":null},"RequestDecision":{"count":392371,"self":1.9423219999999999,"total":925.39335499999993,"children":{"AgentInfo.ToProto":{"count":392371,"self":2.3114909999999997,"total":923.45103299999994,"children":{"GenerateSensorData":{"count":392371,"self":8.034544,"total":921.139542,"children":{"CameraSensor.GetCompressedObservation":{"count":392371,"self":913.1049984,"total":913.10499799999991,"children":null}}}}}}}}},"DecideAction":{"count":1961851,"self":2076.655616,"total":2076.655659,"children":null},"AgentAct":{"count":1961851,"self":73.2372544,"total":83.896671,"children":{"AgentInfo.ToProto":{"count":5087,"self":0.028659999999999998,"total":10.659415,"children":{"GenerateSensorData":{"count":5087,"self":0.11255799999999999,"total":10.630754999999999,"children":{"CameraSensor.GetCompressedObservation":{"count":5087,"self":10.5181968,"total":10.518196999999999,"children":null}}}}}}}},"gauges":{"DriveToGoal.CumulativeReward":{"count":5087,"max":-9803,"min":-9988,"runningAverage":-9947.695,"value":-9877,"weightedAverage":-9886.904}},"metadata":{"timer_format_version":"0.1.0","start_time_seconds":"1663436027","unity_version":"2021.3.9f1","command_line_arguments":"\/Applications\/Unity\/Hub\/Editor\/2021.3.9f1\/Unity.app\/Contents\/MacOS\/Unity -projectpath \/Users\/iakalann\/Documents\/ReinforcementLearning\/self-driving -useHub -hubIPC -cloudEnvironment production -licensingIpc LicenseClient-iakalann -hubSessionId a453f170-3013-11ed-bd12-759fe5b45797 -accessToken zD_sDiNvbAHsLQeGcawqRkxxqwhEYiFmvWlLMGehhE0005f","communication_protocol_version":"1.5.0","com.unity.ml-agents_version":"2.0.1","scene_name":"DriveScene","end_time_seconds":"1663440701"}}