{"count":1,"self":1050.5424896,"total":13340.623129,"children":{"InitializeActuators":{"count":10,"self":0.002144,"total":0.002144,"children":null},"InitializeSensors":{"count":10,"self":0.0056419999999999994,"total":0.0056419999999999994,"children":null},"AgentSendState":{"count":1200767,"self":85.8412608,"total":4459.491859,"children":{"CollectObservations":{"count":2401540,"self":3.7674719999999997,"total":3.7674719999999997,"children":null},"WriteActionMask":{"count":2401540,"self":1.964003,"total":1.964003,"children":null},"RequestDecision":{"count":2401540,"self":8.5718848,"total":4367.919123,"children":{"AgentInfo.ToProto":{"count":2401540,"self":7.5239591999999993,"total":4359.3472379999994,"children":{"GenerateSensorData":{"count":2401540,"self":208.65912319999998,"total":4351.823279,"children":{"CameraSensor.GetCompressedObservation":{"count":2401540,"self":4134.4012287999994,"total":4134.401342,"children":null},"RayPerceptionSensor.Perceive":{"count":2401540,"self":8.7628176,"total":8.762818,"children":null}}}}}}}}},"DecideAction":{"count":1200767,"self":7136.5500928,"total":7136.5501429999995,"children":null},"AgentAct":{"count":1200767,"self":548.9905152,"total":694.028656,"children":{"AgentInfo.ToProto":{"count":49189,"self":0.275992,"total":145.03812299999998,"children":{"GenerateSensorData":{"count":49189,"self":4.8262792,"total":144.76213099999998,"children":{"CameraSensor.GetCompressedObservation":{"count":49189,"self":139.717952,"total":139.717956,"children":null},"RayPerceptionSensor.Perceive":{"count":49189,"self":0.21789599999999998,"total":0.21789599999999998,"children":null}}}}}}}},"gauges":{"DriveToGoal.CumulativeReward":{"count":49189,"max":59492,"min":0,"runningAverage":747.324463,"value":9562,"weightedAverage":8925.594}},"metadata":{"timer_format_version":"0.1.0","start_time_seconds":"1668689907","unity_version":"2021.3.9f1","command_line_arguments":"\/Applications\/Unity\/Hub\/Editor\/2021.3.9f1\/Unity.app\/Contents\/MacOS\/Unity -projectpath \/Users\/iakalann\/Documents\/ReinforcementLearning\/self-driving -useHub -hubIPC -cloudEnvironment production -licensingIpc LicenseClient-iakalann -hubSessionId 0a4d7b20-55cd-11ed-a47f-0b4abda8c110 -accessToken msRkygdOpryB9SSC8wtkQPbFDnUzlAgi-5XZvVoFM-c005f","communication_protocol_version":"1.5.0","com.unity.ml-agents_version":"2.0.1","scene_name":"MotorwayScene","end_time_seconds":"1668703247"}}