{"count":1,"self":183.01310719999998,"total":3817.029905,"children":{"InitializeActuators":{"count":10,"self":0.0025629999999999997,"total":0.0025629999999999997,"children":null},"InitializeSensors":{"count":10,"self":0.0061969999999999994,"total":0.0061969999999999994,"children":null},"AgentSendState":{"count":231601,"self":15.605735999999998,"total":2081.894038,"children":{"CollectObservations":{"count":463210,"self":0.82990199999999992,"total":0.82990199999999992,"children":null},"WriteActionMask":{"count":463210,"self":0.461227,"total":0.461227,"children":null},"RequestDecision":{"count":463210,"self":1.7737809999999998,"total":2064.9971729999997,"children":{"AgentInfo.ToProto":{"count":463210,"self":1.594894,"total":2063.223392,"children":{"GenerateSensorData":{"count":463210,"self":37.2942112,"total":2061.628498,"children":{"CameraSensor.GetCompressedObservation":{"count":463210,"self":2022.6093056,"total":2022.609264,"children":null},"RayPerceptionSensor.Perceive":{"count":463210,"self":1.725024,"total":1.725024,"children":null}}}}}}}}},"DecideAction":{"count":231601,"self":1359.3504768,"total":1359.3505249999998,"children":null},"AgentAct":{"count":231601,"self":97.4633472,"total":192.761878,"children":{"AgentInfo.ToProto":{"count":15342,"self":0.091912,"total":95.298532,"children":{"GenerateSensorData":{"count":15342,"self":1.337802,"total":95.20662,"children":{"CameraSensor.GetCompressedObservation":{"count":15342,"self":93.8027072,"total":93.802704999999989,"children":null},"RayPerceptionSensor.Perceive":{"count":15342,"self":0.066112999999999991,"total":0.066112999999999991,"children":null}}}}}}}},"gauges":{"DriveToGoal.CumulativeReward":{"count":15342,"max":1003,"min":0,"runningAverage":285.625,"value":417,"weightedAverage":449.328644}},"metadata":{"timer_format_version":"0.1.0","start_time_seconds":"1666881203","unity_version":"2021.3.9f1","command_line_arguments":"\/Applications\/Unity\/Hub\/Editor\/2021.3.9f1\/Unity.app\/Contents\/MacOS\/Unity -projectpath \/Users\/iakalann\/Documents\/ReinforcementLearning\/self-driving -useHub -hubIPC -cloudEnvironment production -licensingIpc LicenseClient-iakalann -hubSessionId 0a4d7b20-55cd-11ed-a47f-0b4abda8c110 -accessToken XBVPu1D2iQjkU6TkAOkn2MRSVAHT6-3-FWTaO8gO55M005f","communication_protocol_version":"1.5.0","com.unity.ml-agents_version":"2.0.1","scene_name":"MotorwayScene","end_time_seconds":"1666885020"}}