{"count":1,"self":1021.1818496,"total":15602.652844,"children":{"InitializeActuators":{"count":10,"self":0.002167,"total":0.002167,"children":null},"InitializeSensors":{"count":10,"self":0.0065039999999999994,"total":0.0065039999999999994,"children":null},"AgentSendState":{"count":1357051,"self":101.9449152,"total":6687.2945469999995,"children":{"CollectObservations":{"count":2714110,"self":5.886886,"total":5.886886,"children":null},"WriteActionMask":{"count":2714110,"self":3.1487399999999997,"total":3.1487399999999997,"children":null},"RequestDecision":{"count":2714110,"self":11.4266408,"total":6576.3140079999994,"children":{"AgentInfo.ToProto":{"count":2714110,"self":10.626604,"total":6564.8873669999994,"children":{"GenerateSensorData":{"count":2714110,"self":228.9682432,"total":6554.2607629999993,"children":{"CameraSensor.GetCompressedObservation":{"count":2714110,"self":6314.098688,"total":6314.0987209999994,"children":null},"RayPerceptionSensor.Perceive":{"count":2714110,"self":11.193811199999999,"total":11.193811,"children":null}}}}}}}}},"DecideAction":{"count":1357051,"self":7782.9898239999993,"total":7782.9901039999995,"children":null},"AgentAct":{"count":1357051,"self":43.1952928,"total":111.17599899999999,"children":{"AgentInfo.ToProto":{"count":20330,"self":0.126505,"total":67.980705,"children":{"GenerateSensorData":{"count":20330,"self":1.851019,"total":67.854199999999992,"children":{"CameraSensor.GetCompressedObservation":{"count":20330,"self":65.90737279999999,"total":65.90737399999999,"children":null},"RayPerceptionSensor.Perceive":{"count":20330,"self":0.095806999999999989,"total":0.095806999999999989,"children":null}}}}}}}},"gauges":{"DriveToGoal.CumulativeReward":{"count":20330,"max":-9754,"min":-19987,"runningAverage":-10017.1,"value":-10000,"weightedAverage":-9999.998}},"metadata":{"timer_format_version":"0.1.0","start_time_seconds":"1666862318","unity_version":"2021.3.9f1","command_line_arguments":"\/Applications\/Unity\/Hub\/Editor\/2021.3.9f1\/Unity.app\/Contents\/MacOS\/Unity -projectpath \/Users\/iakalann\/Documents\/ReinforcementLearning\/self-driving -useHub -hubIPC -cloudEnvironment production -licensingIpc LicenseClient-iakalann -hubSessionId 0a4d7b20-55cd-11ed-a47f-0b4abda8c110 -accessToken XBVPu1D2iQjkU6TkAOkn2MRSVAHT6-3-FWTaO8gO55M005f","communication_protocol_version":"1.5.0","com.unity.ml-agents_version":"2.0.1","scene_name":"MotorwayScene","end_time_seconds":"1666877921"}}