{"count":1,"self":3233.1425792,"total":46284.836452999996,"children":{"InitializeActuators":{"count":10,"self":0.001999,"total":0.001999,"children":null},"InitializeSensors":{"count":10,"self":0.0060269999999999994,"total":0.0060269999999999994,"children":null},"AgentSendState":{"count":4433234,"self":301.77407999999997,"total":16492.973482999998,"children":{"CollectObservations":{"count":8866470,"self":14.490742399999998,"total":14.490743,"children":null},"WriteActionMask":{"count":8866470,"self":7.0568656,"total":7.0568659999999994,"children":null},"RequestDecision":{"count":8866470,"self":32.85928,"total":16169.6518,"children":{"AgentInfo.ToProto":{"count":8866470,"self":28.0046336,"total":16136.792521,"children":{"GenerateSensorData":{"count":8866470,"self":736.12001279999993,"total":16108.787887999999,"children":{"CameraSensor.GetCompressedObservation":{"count":8866470,"self":15341.071564799999,"total":15341.071428,"children":null},"RayPerceptionSensor.Perceive":{"count":8866470,"self":31.596470399999998,"total":31.596469,"children":null}}}}}}}}},"DecideAction":{"count":4433234,"self":24598.9834752,"total":24598.982939999998,"children":null},"AgentAct":{"count":4433234,"self":1919.9662079999998,"total":1959.7278059999999,"children":{"AgentInfo.ToProto":{"count":11191,"self":0.066012,"total":39.761517,"children":{"GenerateSensorData":{"count":11191,"self":1.018904,"total":39.695505,"children":{"CameraSensor.GetCompressedObservation":{"count":11191,"self":38.628124799999995,"total":38.628124,"children":null},"RayPerceptionSensor.Perceive":{"count":11191,"self":0.048477,"total":0.048477,"children":null}}}}}}}},"gauges":{"DriveToGoal.CumulativeReward":{"count":11191,"max":322872,"min":0,"runningAverage":15963.4219,"value":12407,"weightedAverage":17226.3438}},"metadata":{"timer_format_version":"0.1.0","start_time_seconds":"1668539009","unity_version":"2021.3.9f1","command_line_arguments":"\/Applications\/Unity\/Hub\/Editor\/2021.3.9f1\/Unity.app\/Contents\/MacOS\/Unity -projectpath \/Users\/iakalann\/Documents\/ReinforcementLearning\/self-driving -useHub -hubIPC -cloudEnvironment production -licensingIpc LicenseClient-iakalann -hubSessionId 0a4d7b20-55cd-11ed-a47f-0b4abda8c110 -accessToken wrPHemuzRZxzljqFcNHw5Jhq1sDNjJnqHRn1WkE8j2I005f","communication_protocol_version":"1.5.0","com.unity.ml-agents_version":"2.0.1","scene_name":"MotorwayScene","end_time_seconds":"1668585293"}}