{"count":1,"self":113.8808832,"total":921.99309699999992,"children":{"InitializeActuators":{"count":10,"self":0.0031049999999999997,"total":0.0031049999999999997,"children":null},"InitializeSensors":{"count":10,"self":0.009118,"total":0.009118,"children":null},"AgentSendState":{"count":83767,"self":7.466512,"total":275.55519599999997,"children":{"CollectObservations":{"count":167540,"self":0.36953199999999997,"total":0.36953199999999997,"children":null},"WriteActionMask":{"count":167540,"self":0.195512,"total":0.195512,"children":null},"RequestDecision":{"count":167540,"self":0.800659,"total":267.52364,"children":{"AgentInfo.ToProto":{"count":167540,"self":0.724344,"total":266.722981,"children":{"GenerateSensorData":{"count":167540,"self":15.972828799999998,"total":265.998637,"children":{"CameraSensor.GetCompressedObservation":{"count":167540,"self":249.31491839999998,"total":249.31491499999998,"children":null},"RayPerceptionSensor.Perceive":{"count":167540,"self":0.71089399999999991,"total":0.71089399999999991,"children":null}}}}}}}}},"DecideAction":{"count":83767,"self":506.43763199999995,"total":506.43763099999995,"children":null},"AgentAct":{"count":83767,"self":2.248901,"total":17.557729,"children":{"AgentInfo.ToProto":{"count":4708,"self":0.027736999999999998,"total":15.308828,"children":{"GenerateSensorData":{"count":4708,"self":0.480203,"total":15.281091,"children":{"CameraSensor.GetCompressedObservation":{"count":4708,"self":14.7778288,"total":14.777828999999999,"children":null},"RayPerceptionSensor.Perceive":{"count":4708,"self":0.023059,"total":0.023059,"children":null}}}}}}},"AgentInfo.ToProto":{"count":3043,"self":0.023464,"total":8.548376,"children":{"GenerateSensorData":{"count":3043,"self":0.30754899999999996,"total":8.524912,"children":{"CameraSensor.GetCompressedObservation":{"count":3043,"self":8.2020872,"total":8.2020869999999988,"children":null},"RayPerceptionSensor.Perceive":{"count":3043,"self":0.015276,"total":0.015276,"children":null}}}}}},"gauges":{"DriveToGoal.CumulativeReward":{"count":7751,"max":-9938.2,"min":-20000,"runningAverage":-10281.5352,"value":-9983.8,"weightedAverage":-11863.1846}},"metadata":{"timer_format_version":"0.1.0","start_time_seconds":"1666372959","unity_version":"2021.3.9f1","command_line_arguments":"\/Applications\/Unity\/Hub\/Editor\/2021.3.9f1\/Unity.app\/Contents\/MacOS\/Unity -projectpath \/Users\/iakalann\/Documents\/ReinforcementLearning\/self-driving -useHub -hubIPC -cloudEnvironment production -licensingIpc LicenseClient-iakalann -hubSessionId a453f170-3013-11ed-bd12-759fe5b45797 -accessToken HIae38Df6k-r0lQ4-lsy3614G9U_jyrgXVekVqtwuFI005f","communication_protocol_version":"1.5.0","com.unity.ml-agents_version":"2.0.1","scene_name":"MotorwayScene","end_time_seconds":"1666373881"}}