{
    "name": "root",
    "metadata": {
        "timer_format_version": "0.1.0",
        "start_time_seconds": "1663319701",
        "python_version": "3.7.14 (default, Sep  6 2022, 23:37:35) \n[Clang 13.1.6 (clang-1316.0.21.2.5)]",
        "command_line_arguments": "/Users/iakalann/Documents/ReinforcementLearning/self-driving/venv37/bin/mlagents-learn config/ppo/DriveScene.yaml --run-id=Test31",
        "mlagents_version": "0.29.0",
        "mlagents_envs_version": "0.29.0",
        "communication_protocol_version": "1.5.0",
        "pytorch_version": "1.8.1",
        "numpy_version": "1.21.2",
        "end_time_seconds": "1663319795"
    },
    "total": 94.148636773,
    "count": 1,
    "self": 0.007673255000014478,
    "children": {
        "run_training.setup": {
            "total": 0.019962277999999944,
            "count": 1,
            "self": 0.019962277999999944
        },
        "TrainerController.start_learning": {
            "total": 94.12100124,
            "count": 1,
            "self": 0.0839281989999563,
            "children": {
                "TrainerController._reset_env": {
                    "total": 9.388829905,
                    "count": 1,
                    "self": 9.388829905
                },
                "TrainerController.advance": {
                    "total": 84.54713781500004,
                    "count": 3947,
                    "self": 0.08519554800007256,
                    "children": {
                        "env_step": {
                            "total": 84.05951653699996,
                            "count": 3947,
                            "self": 81.71703520799994,
                            "children": {
                                "SubprocessEnvManager._take_step": {
                                    "total": 2.294869433999951,
                                    "count": 3947,
                                    "self": 0.20751654399983366,
                                    "children": {
                                        "TorchPolicy.evaluate": {
                                            "total": 2.0873528900001173,
                                            "count": 3947,
                                            "self": 0.4517395259999457,
                                            "children": {
                                                "TorchPolicy.sample_actions": {
                                                    "total": 1.6356133640001715,
                                                    "count": 3947,
                                                    "self": 1.6356133640001715
                                                }
                                            }
                                        }
                                    }
                                },
                                "workers": {
                                    "total": 0.04761189500007923,
                                    "count": 3946,
                                    "self": 0.0,
                                    "children": {
                                        "worker_root": {
                                            "total": 33.85833449799996,
                                            "count": 3946,
                                            "is_parallel": true,
                                            "self": 15.347225943999891,
                                            "children": {
                                                "run_training.setup": {
                                                    "total": 0.0,
                                                    "count": 0,
                                                    "is_parallel": true,
                                                    "self": 0.0,
                                                    "children": {
                                                        "steps_from_proto": {
                                                            "total": 0.0009970159999994621,
                                                            "count": 1,
                                                            "is_parallel": true,
                                                            "self": 0.00034323399999891535,
                                                            "children": {
                                                                "_process_rank_one_or_two_observation": {
                                                                    "total": 0.0006537820000005468,
                                                                    "count": 2,
                                                                    "is_parallel": true,
                                                                    "self": 0.0006537820000005468
                                                                }
                                                            }
                                                        },
                                                        "UnityEnvironment.step": {
                                                            "total": 0.019919051000000465,
                                                            "count": 1,
                                                            "is_parallel": true,
                                                            "self": 8.974999999900035e-05,
                                                            "children": {
                                                                "UnityEnvironment._generate_step_input": {
                                                                    "total": 0.00011659100000116496,
                                                                    "count": 1,
                                                                    "is_parallel": true,
                                                                    "self": 0.00011659100000116496
                                                                },
                                                                "communicator.exchange": {
                                                                    "total": 0.0194661380000003,
                                                                    "count": 1,
                                                                    "is_parallel": true,
                                                                    "self": 0.0194661380000003
                                                                },
                                                                "steps_from_proto": {
                                                                    "total": 0.00024657200000000046,
                                                                    "count": 1,
                                                                    "is_parallel": true,
                                                                    "self": 0.00013790099999866356,
                                                                    "children": {
                                                                        "_process_rank_one_or_two_observation": {
                                                                            "total": 0.00010867100000133689,
                                                                            "count": 2,
                                                                            "is_parallel": true,