{
    "name": "root",
    "metadata": {
        "timer_format_version": "0.1.0",
        "start_time_seconds": "1663235081",
        "python_version": "3.7.14 (default, Sep  6 2022, 23:37:35) \n[Clang 13.1.6 (clang-1316.0.21.2.5)]",
        "command_line_arguments": "/Users/iakalann/Documents/ReinforcementLearning/Autonomous Driving RL/venv37/bin/mlagents-learn --run-id=Test15",
        "mlagents_version": "0.29.0",
        "mlagents_envs_version": "0.29.0",
        "communication_protocol_version": "1.5.0",
        "pytorch_version": "1.8.1",
        "numpy_version": "1.21.2",
        "end_time_seconds": "1663235160"
    },
    "total": 78.770134198,
    "count": 1,
    "self": 0.008398533999994129,
    "children": {
        "run_training.setup": {
            "total": 0.02118769899999995,
            "count": 1,
            "self": 0.02118769899999995
        },
        "TrainerController.start_learning": {
            "total": 78.740547965,
            "count": 1,
            "self": 0.027798660999977187,
            "children": {
                "TrainerController._reset_env": {
                    "total": 7.278893897,
                    "count": 1,
                    "self": 7.278893897
                },
                "TrainerController.advance": {
                    "total": 71.28984012700002,
                    "count": 1374,
                    "self": 0.02867591500003641,
                    "children": {
                        "env_step": {
                            "total": 71.13582513999998,
                            "count": 1374,
                            "self": 70.31922459999998,
                            "children": {
                                "SubprocessEnvManager._take_step": {
                                    "total": 0.800290276000025,
                                    "count": 1374,
                                    "self": 0.07076494899999197,
                                    "children": {
                                        "TorchPolicy.evaluate": {
                                            "total": 0.729525327000033,
                                            "count": 1374,
                                            "self": 0.15564985099999973,
                                            "children": {
                                                "TorchPolicy.sample_actions": {
                                                    "total": 0.5738754760000333,
                                                    "count": 1374,
                                                    "self": 0.5738754760000333
                                                }
                                            }
                                        }
                                    }
                                },
                                "workers": {
                                    "total": 0.016310263999971042,
                                    "count": 1373,
                                    "self": 0.0,
                                    "children": {
                                        "worker_root": {
                                            "total": 18.531139584000087,
                                            "count": 1373,
                                            "is_parallel": true,
                                            "self": 9.336187133000031,
                                            "children": {
                                                "run_training.setup": {
                                                    "total": 0.0,
                                                    "count": 0,
                                                    "is_parallel": true,
                                                    "self": 0.0,
                                                    "children": {
                                                        "steps_from_proto": {
                                                            "total": 0.0018972499999989623,
                                                            "count": 1,
                                                            "is_parallel": true,
                                                            "self": 0.0003139479999987316,
                                                            "children": {
                                                                "_process_rank_one_or_two_observation": {
                                                                    "total": 0.0015833020000002307,
                                                                    "count": 2,
                                                                    "is_parallel": true,
                                                                    "self": 0.0015833020000002307
                                                                }
                                                            }
                                                        },
                                                        "UnityEnvironment.step": {
                                                            "total": 0.018936368000000314,
                                                            "count": 1,
                                                            "is_parallel": true,
                                                            "self": 7.283000000057882e-05,
                                                            "children": {
                                                                "UnityEnvironment._generate_step_input": {
                                                                    "total": 0.0002892100000000397,
                                                                    "count": 1,
                                                                    "is_parallel": true,
                                                                    "self": 0.0002892100000000397
                                                                },
                                                                "communicator.exchange": {
                                                                    "total": 0.018378502999999213,
                                                                    "count": 1,
                                                                    "is_parallel": true,
                                                                    "self": 0.018378502999999213
                                                                },
                                                                "steps_from_proto": {
                                                                    "total": 0.00019582500000048242,
                                                                    "count": 1,
                                                                    "is_parallel": true,
                                                                    "self": 0.00011049199999924042,
                                                                    "children": {
                                                                        "_process_rank_one_or_two_observation": {
                                                                            "total": 8.5333000001242e-05,
                                                                            "count": 2,
                                                                            "is_parallel": true,