{
    "name": "root",
    "metadata": {
        "timer_format_version": "0.1.0",
        "start_time_seconds": "1663238083",
        "python_version": "3.7.14 (default, Sep  6 2022, 23:37:35) \n[Clang 13.1.6 (clang-1316.0.21.2.5)]",
        "command_line_arguments": "/Users/iakalann/Documents/ReinforcementLearning/Autonomous Driving RL/venv37/bin/mlagents-learn config/ppo/DriveScene.yaml --run-id=Test22",
        "mlagents_version": "0.29.0",
        "mlagents_envs_version": "0.29.0",
        "communication_protocol_version": "1.5.0",
        "pytorch_version": "1.8.1",
        "numpy_version": "1.21.2",
        "end_time_seconds": "1663238161"
    },
    "total": 78.037031977,
    "count": 1,
    "self": 0.006342833000005044,
    "children": {
        "run_training.setup": {
            "total": 0.022763342999999936,
            "count": 1,
            "self": 0.022763342999999936
        },
        "TrainerController.start_learning": {
            "total": 78.007925801,
            "count": 1,
            "self": 0.022122322000001304,
            "children": {
                "TrainerController._reset_env": {
                    "total": 9.316838496999999,
                    "count": 1,
                    "self": 9.316838496999999
                },
                "TrainerController.advance": {
                    "total": 68.520362575,
                    "count": 1081,
                    "self": 0.02288321100000701,
                    "children": {
                        "env_step": {
                            "total": 68.39975722900002,
                            "count": 1081,
                            "self": 67.75445610399997,
                            "children": {
                                "SubprocessEnvManager._take_step": {
                                    "total": 0.6327185270000122,
                                    "count": 1081,
                                    "self": 0.05619196100001744,
                                    "children": {
                                        "TorchPolicy.evaluate": {
                                            "total": 0.5765265659999947,
                                            "count": 1081,
                                            "self": 0.12682521999998642,
                                            "children": {
                                                "TorchPolicy.sample_actions": {
                                                    "total": 0.44970134600000833,
                                                    "count": 1081,
                                                    "self": 0.44970134600000833
                                                }
                                            }
                                        }
                                    }
                                },
                                "workers": {
                                    "total": 0.012582598000038914,
                                    "count": 1080,
                                    "self": 0.0,
                                    "children": {
                                        "worker_root": {
                                            "total": 17.802768413999956,
                                            "count": 1080,
                                            "is_parallel": true,
                                            "self": 10.96527144499989,
                                            "children": {
                                                "run_training.setup": {
                                                    "total": 0.0,
                                                    "count": 0,
                                                    "is_parallel": true,
                                                    "self": 0.0,
                                                    "children": {
                                                        "steps_from_proto": {
                                                            "total": 0.0008275350000008785,
                                                            "count": 1,
                                                            "is_parallel": true,
                                                            "self": 0.0002690360000006109,
                                                            "children": {
                                                                "_process_rank_one_or_two_observation": {
                                                                    "total": 0.0005584990000002676,
                                                                    "count": 2,
                                                                    "is_parallel": true,
                                                                    "self": 0.0005584990000002676
                                                                }
                                                            }
                                                        },
                                                        "UnityEnvironment.step": {
                                                            "total": 0.020439637000000843,
                                                            "count": 1,
                                                            "is_parallel": true,
                                                            "self": 7.359199999790178e-05,
                                                            "children": {
                                                                "UnityEnvironment._generate_step_input": {
                                                                    "total": 0.00024660000000054083,
                                                                    "count": 1,
                                                                    "is_parallel": true,
                                                                    "self": 0.00024660000000054083
                                                                },
                                                                "communicator.exchange": {
                                                                    "total": 0.019864445000001396,
                                                                    "count": 1,
                                                                    "is_parallel": true,
                                                                    "self": 0.019864445000001396
                                                                },
                                                                "steps_from_proto": {
                                                                    "total": 0.0002550000000010044,
                                                                    "count": 1,
                                                                    "is_parallel": true,
                                                                    "self": 0.00016589699999869367,
                                                                    "children": {
                                                                        "_process_rank_one_or_two_observation": {
                                                                            "total": 8.910300000231075e-05,
                                                                            "count": 2,
                                                                            "is_parallel": true,