{
    "name": "root",
    "metadata": {
        "timer_format_version": "0.1.0",
        "start_time_seconds": "1663421519",
        "python_version": "3.7.14 (default, Sep  6 2022, 23:37:35) \n[Clang 13.1.6 (clang-1316.0.21.2.5)]",
        "command_line_arguments": "/Users/iakalann/Documents/ReinforcementLearning/self-driving/venv37/bin/mlagents-learn config/ppo/DriveScene.yaml --run-id=Test51",
        "mlagents_version": "0.29.0",
        "mlagents_envs_version": "0.29.0",
        "communication_protocol_version": "1.5.0",
        "pytorch_version": "1.8.1",
        "numpy_version": "1.21.2",
        "end_time_seconds": "1663421641"
    },
    "total": 122.39320543000001,
    "count": 1,
    "self": 0.006677502000002278,
    "children": {
        "run_training.setup": {
            "total": 0.049440913999999836,
            "count": 1,
            "self": 0.049440913999999836
        },
        "TrainerController.start_learning": {
            "total": 122.337087014,
            "count": 1,
            "self": 0.117560633999787,
            "children": {
                "TrainerController._reset_env": {
                    "total": 14.544458377,
                    "count": 1,
                    "self": 14.544458377
                },
                "TrainerController.advance": {
                    "total": 107.52551250200023,
                    "count": 4427,
                    "self": 0.12023168900030612,
                    "children": {
                        "env_step": {
                            "total": 106.51813857099987,
                            "count": 4427,
                            "self": 101.55534409599963,
                            "children": {
                                "SubprocessEnvManager._take_step": {
                                    "total": 4.874792087000106,
                                    "count": 4427,
                                    "self": 0.293548016000166,
                                    "children": {
                                        "TorchPolicy.evaluate": {
                                            "total": 4.58124407099994,
                                            "count": 4314,
                                            "self": 0.6141484960001513,
                                            "children": {
                                                "TorchPolicy.sample_actions": {
                                                    "total": 3.9670955749997887,
                                                    "count": 4314,
                                                    "self": 3.9670955749997887
                                                }
                                            }
                                        }
                                    }
                                },
                                "workers": {
                                    "total": 0.0880023880001346,
                                    "count": 4426,
                                    "self": 0.0,
                                    "children": {
                                        "worker_root": {
                                            "total": 62.00109768100006,
                                            "count": 4426,
                                            "is_parallel": true,
                                            "self": 25.038371841999897,
                                            "children": {
                                                "run_training.setup": {
                                                    "total": 0.0,
                                                    "count": 0,
                                                    "is_parallel": true,
                                                    "self": 0.0,
                                                    "children": {
                                                        "steps_from_proto": {
                                                            "total": 0.03488660800000076,
                                                            "count": 1,
                                                            "is_parallel": true,
                                                            "self": 0.0005150370000031046,
                                                            "children": {
                                                                "_process_maybe_compressed_observation": {
                                                                    "total": 0.03437157099999766,
                                                                    "count": 2,
                                                                    "is_parallel": true,
                                                                    "self": 0.0001510219999971696,
                                                                    "children": {
                                                                        "_observation_to_np_array": {
                                                                            "total": 0.03422054900000049,
                                                                            "count": 1,
                                                                            "is_parallel": true,
                                                                            "self": 5.502500000176269e-05,
                                                                            "children": {
                                                                                "process_pixels": {
                                                                                    "total": 0.034165523999998726,
                                                                                    "count": 1,
                                                                                    "is_parallel": true,
                                                                                    "self": 0.0011267149999980575,
                                                                                    "children": {
                                                                                        "image_decompress": {
                                                                                            "total": 0.03303880900000067,
                                                                                            "count": 1,
                                                                                            "is_parallel": true,
                                                                                            "self": 0.03303880900000067
                                                                                        }
                                                                                    }
                                                                                }
                                                                            }
                                                                        }
                                                                    }
                                                                }
                                                            }
                                                        },
                                                        "UnityEnvironment.step": {
                                                            "total": 0.04346442499999981,
                                                            "count": 1,
                                                            "is_parallel": true,
                                                            "self": 0.00015896499999712432,