{
    "name": "root",
    "metadata": {
        "timer_format_version": "0.1.0",
        "start_time_seconds": "1663230068",
        "python_version": "3.7.14 (default, Sep  6 2022, 23:37:35) \n[Clang 13.1.6 (clang-1316.0.21.2.5)]",
        "command_line_arguments": "/Users/iakalann/Documents/ReinforcementLearning/Autonomous Driving RL/venv37/bin/mlagents-learn --run-id=Test8",
        "mlagents_version": "0.29.0",
        "mlagents_envs_version": "0.29.0",
        "communication_protocol_version": "1.5.0",
        "pytorch_version": "1.8.1",
        "numpy_version": "1.21.2",
        "end_time_seconds": "1663230152"
    },
    "total": 83.82488594799999,
    "count": 1,
    "self": 10.010550801999997,
    "children": {
        "run_training.setup": {
            "total": 0.016478006000000045,
            "count": 1,
            "self": 0.016478006000000045
        },
        "TrainerController.start_learning": {
            "total": 73.79785713999999,
            "count": 1,
            "self": 0.00040681599999459195,
            "children": {
                "TrainerController._reset_env": {
                    "total": 8.856129611,
                    "count": 1,
                    "self": 8.856129611
                },
                "TrainerController.advance": {
                    "total": 64.791845228,
                    "count": 1,
                    "self": 4.913400000816637e-05,
                    "children": {
                        "env_step": {
                            "total": 64.79179609399999,
                            "count": 1,
                            "self": 64.79170059299999,
                            "children": {
                                "SubprocessEnvManager._take_step": {
                                    "total": 9.550100000410566e-05,
                                    "count": 2,
                                    "self": 9.550100000410566e-05
                                }
                            }
                        }
                    }
                },
                "trainer_threads": {
                    "total": 2.3209999966411488e-06,
                    "count": 1,
                    "self": 2.3209999966411488e-06
                },
                "TrainerController._save_models": {
                    "total": 0.14947316399999977,
                    "count": 1,
                    "self": 0.0008058840000018108,
                    "children": {
                        "RLTrainer._checkpoint": {
                            "total": 0.14866727999999796,
                            "count": 1,
                            "self": 0.14866727999999796
                        }
                    }
                }
            }
        }
    }
}