{
    "name": "root",
    "metadata": {
        "timer_format_version": "0.1.0",
        "start_time_seconds": "1663334154",
        "python_version": "3.7.14 (default, Sep  6 2022, 23:37:35) \n[Clang 13.1.6 (clang-1316.0.21.2.5)]",
        "command_line_arguments": "/Users/iakalann/Documents/ReinforcementLearning/self-driving/venv37/bin/mlagents-learn config/ppo/DriveScene.yaml --run-id=Test33",
        "mlagents_version": "0.29.0",
        "mlagents_envs_version": "0.29.0",
        "communication_protocol_version": "1.5.0",
        "pytorch_version": "1.8.1",
        "numpy_version": "1.21.2",
        "end_time_seconds": "1663334244"
    },
    "total": 89.626997308,
    "count": 1,
    "self": 0.00731087399999808,
    "children": {
        "run_training.setup": {
            "total": 0.018745882000000047,
            "count": 1,
            "self": 0.018745882000000047
        },
        "TrainerController.start_learning": {
            "total": 89.600940552,
            "count": 1,
            "self": 0.09327179799988983,
            "children": {
                "TrainerController._reset_env": {
                    "total": 6.458266084000001,
                    "count": 1,
                    "self": 6.458266084000001
                },
                "TrainerController.advance": {
                    "total": 82.94182605200011,
                    "count": 5070,
                    "self": 0.09779130200004715,
                    "children": {
                        "env_step": {
                            "total": 82.410656828,
                            "count": 5070,
                            "self": 79.67285678200017,
                            "children": {
                                "SubprocessEnvManager._take_step": {
                                    "total": 2.6823322559999223,
                                    "count": 5070,
                                    "self": 0.2437166399998727,
                                    "children": {
                                        "TorchPolicy.evaluate": {
                                            "total": 2.4386156160000496,
                                            "count": 5064,
                                            "self": 0.5099210590000469,
                                            "children": {
                                                "TorchPolicy.sample_actions": {
                                                    "total": 1.9286945570000027,
                                                    "count": 5064,
                                                    "self": 1.9286945570000027
                                                }
                                            }
                                        }
                                    }
                                },
                                "workers": {
                                    "total": 0.05546778999990387,
                                    "count": 5069,
                                    "self": 0.0,
                                    "children": {
                                        "worker_root": {
                                            "total": 29.340600476999896,
                                            "count": 5069,
                                            "is_parallel": true,
                                            "self": 13.328481675999743,
                                            "children": {
                                                "run_training.setup": {
                                                    "total": 0.0,
                                                    "count": 0,
                                                    "is_parallel": true,
                                                    "self": 0.0,
                                                    "children": {
                                                        "steps_from_proto": {
                                                            "total": 0.0018927060000004658,
                                                            "count": 1,
                                                            "is_parallel": true,
                                                            "self": 0.0007704220000004369,
                                                            "children": {
                                                                "_process_rank_one_or_two_observation": {
                                                                    "total": 0.001122284000000029,
                                                                    "count": 2,
                                                                    "is_parallel": true,
                                                                    "self": 0.001122284000000029
                                                                }
                                                            }
                                                        },
                                                        "UnityEnvironment.step": {
                                                            "total": 0.046493282000000136,
                                                            "count": 1,
                                                            "is_parallel": true,
                                                            "self": 8.616899999935868e-05,
                                                            "children": {
                                                                "UnityEnvironment._generate_step_input": {
                                                                    "total": 0.0004329360000001614,
                                                                    "count": 1,
                                                                    "is_parallel": true,
                                                                    "self": 0.0004329360000001614
                                                                },
                                                                "communicator.exchange": {
                                                                    "total": 0.045741216000000584,
                                                                    "count": 1,
                                                                    "is_parallel": true,
                                                                    "self": 0.045741216000000584
                                                                },
                                                                "steps_from_proto": {
                                                                    "total": 0.0002329610000000315,
                                                                    "count": 1,
                                                                    "is_parallel": true,
                                                                    "self": 0.00012955100000056063,
                                                                    "children": {
                                                                        "_process_rank_one_or_two_observation": {
                                                                            "total": 0.00010340999999947087,
                                                                            "count": 2,
                                                                            "is_parallel": true,