{
    "name": "root",
    "metadata": {
        "timer_format_version": "0.1.0",
        "start_time_seconds": "1663319580",
        "python_version": "3.7.14 (default, Sep  6 2022, 23:37:35) \n[Clang 13.1.6 (clang-1316.0.21.2.5)]",
        "command_line_arguments": "/Users/iakalann/Documents/ReinforcementLearning/self-driving/venv37/bin/mlagents-learn config/ppo/DriveScene.yaml --run-id=Test30",
        "mlagents_version": "0.29.0",
        "mlagents_envs_version": "0.29.0",
        "communication_protocol_version": "1.5.0",
        "pytorch_version": "1.8.1",
        "numpy_version": "1.21.2",
        "end_time_seconds": "1663319663"
    },
    "total": 83.311254551,
    "count": 1,
    "self": 0.011520903999993948,
    "children": {
        "run_training.setup": {
            "total": 0.031103770999999947,
            "count": 1,
            "self": 0.031103770999999947
        },
        "TrainerController.start_learning": {
            "total": 83.268629876,
            "count": 1,
            "self": 0.037044082000008416,
            "children": {
                "TrainerController._reset_env": {
                    "total": 11.235807657,
                    "count": 1,
                    "self": 11.235807657
                },
                "TrainerController.advance": {
                    "total": 71.87252721899999,
                    "count": 1507,
                    "self": 0.03849157599998421,
                    "children": {
                        "env_step": {
                            "total": 71.669504035,
                            "count": 1507,
                            "self": 70.61636786599996,
                            "children": {
                                "SubprocessEnvManager._take_step": {
                                    "total": 1.0324470200000473,
                                    "count": 1507,
                                    "self": 0.09213319200010162,
                                    "children": {
                                        "TorchPolicy.evaluate": {
                                            "total": 0.9403138279999457,
                                            "count": 1507,
                                            "self": 0.2022290560000517,
                                            "children": {
                                                "TorchPolicy.sample_actions": {
                                                    "total": 0.738084771999894,
                                                    "count": 1507,
                                                    "self": 0.738084771999894
                                                }
                                            }
                                        }
                                    }
                                },
                                "workers": {
                                    "total": 0.020689148999998963,
                                    "count": 1506,
                                    "self": 0.0,
                                    "children": {
                                        "worker_root": {
                                            "total": 23.075370358000043,
                                            "count": 1506,
                                            "is_parallel": true,
                                            "self": 13.88602339700006,
                                            "children": {
                                                "run_training.setup": {
                                                    "total": 0.0,
                                                    "count": 0,
                                                    "is_parallel": true,
                                                    "self": 0.0,
                                                    "children": {
                                                        "steps_from_proto": {
                                                            "total": 0.001573522999999355,
                                                            "count": 1,
                                                            "is_parallel": true,
                                                            "self": 0.00037859899999936886,
                                                            "children": {
                                                                "_process_rank_one_or_two_observation": {
                                                                    "total": 0.001194923999999986,
                                                                    "count": 2,
                                                                    "is_parallel": true,
                                                                    "self": 0.001194923999999986
                                                                }
                                                            }
                                                        },
                                                        "UnityEnvironment.step": {
                                                            "total": 0.0215203190000004,
                                                            "count": 1,
                                                            "is_parallel": true,
                                                            "self": 0.00012553200000198217,
                                                            "children": {
                                                                "UnityEnvironment._generate_step_input": {
                                                                    "total": 0.00045777799999946467,
                                                                    "count": 1,
                                                                    "is_parallel": true,
                                                                    "self": 0.00045777799999946467
                                                                },
                                                                "communicator.exchange": {
                                                                    "total": 0.02066966099999945,
                                                                    "count": 1,
                                                                    "is_parallel": true,
                                                                    "self": 0.02066966099999945
                                                                },
                                                                "steps_from_proto": {
                                                                    "total": 0.000267347999999501,
                                                                    "count": 1,
                                                                    "is_parallel": true,
                                                                    "self": 0.00014801000000019826,
                                                                    "children": {
                                                                        "_process_rank_one_or_two_observation": {
                                                                            "total": 0.00011933799999930272,
                                                                            "count": 2,
                                                                            "is_parallel": true,